model,url
iPhone 17 Pro Max 512GB,https://www.thegioididong.com/dtdd/iphone-17-pro-max-512gb
iPhone 18 Pro Max 256GB,
iPhone 17 Pro Max 256GB,https://www.thegioididong.com/dtdd/iphone-17-pro-max
iPhone 17 Pro 256GB,https://www.thegioididong.com/dtdd/iphone-17-pro
iPhone Air 256GB,https://www.thegioididong.com/dtdd/iphone-air
iPhone 17 256GB,https://www.thegioididong.com/dtdd/iphone-17
iPhone 16 128GB,https://www.thegioididong.com/dtdd/iphone-16
iPhone 15 128GB,https://www.thegioididong.com/dtdd/iphone-15
Find X9 Ultra 12GB/512GB,https://www.thegioididong.com/dtdd/oppo-find-x9-ultra
Find X9s 12GB/512GB,https://www.thegioididong.com/dtdd/oppo-find-x9s-12gb-512gb
Find X9s 12GB/256GB,https://www.thegioididong.com/dtdd/oppo-find-x9s
Reno16 Pro 5G 12GB/256GB,https://www.thegioididong.com/dtdd/oppo-reno16-pro
Reno16 5G 8GB/256GB,https://www.thegioididong.com/dtdd/oppo-reno16-5g-8gb-256gb
Reno16F 5G 8GB/128GB,https://www.thegioididong.com/dtdd/oppo-reno16f-5g-8gb-128gb
Reno16F 5G 8GB/256GB,https://www.thegioididong.com/dtdd/oppo-reno16-f
A6 8GB/256GB,https://www.thegioididong.com/dtdd/oppo-a6-8gb-256gb
OPPO A7 Pro 5G 6GB/256GB,https://www.thegioididong.com/dtdd/oppo-a7-pro-5g-6gb-256gb
OPPO A7 Pro 5G 8GB/128GB,https://www.thegioididong.com/dtdd/oppo-a7-pro-5g-8gb-128gb
A6 Pro 5G 8GB/256GB,https://www.thegioididong.com/dtdd/oppo-a6-pro-5g-8gb-256gb
A6 6GB/128GB,https://www.thegioididong.com/dtdd/oppo-a6-6gb-128gb
A6 Pro 8GB/256GB,https://www.thegioididong.com/dtdd/oppo-a6-pro-8gb-256gb
A6 8GB/128GB,https://www.thegioididong.com/dtdd/oppo-a6-8gb-128gb
A6x 6GB/256GB,https://www.thegioididong.com/dtdd/oppo-a6x-6gb-256gb
A6x 4GB/128GB,https://www.thegioididong.com/dtdd/oppo-a6x-4gb-128gb
A6x 4GB/64GB,https://www.thegioididong.com/dtdd/oppo-a6x-4gb-64gb
A6c 4GB/128GB,https://www.thegioididong.com/dtdd/oppo-a6c-4gb-128gb
A6c 4GB/64GB,https://www.thegioididong.com/dtdd/oppo-a6c-4gb-64gb
S26 Ultra 5G 12GB/256GB,https://www.thegioididong.com/dtdd/samsung-galaxy-s26-ultra-12gb-256gb
S25 Ultra 5G 12GB/256GB,https://www.thegioididong.com/dtdd/samsung-galaxy-s25-ultra
S26+ 5G 12GB/256GB,https://www.thegioididong.com/dtdd/samsung-galaxy-s26-plus-12gb-256gb
S26 FE 5G 8GB/256GB,https://www.thegioididong.com/dtdd/samsung-galaxy-s26-fe-8gb-256gb
S25 FE 5G 8GB/256GB,https://www.thegioididong.com/dtdd/samsung-galaxy-s25-fe-5g-8gb-256gb
A57 5G 12GB/256GB,https://www.thegioididong.com/dtdd/samsung-galaxy-a57-12gb-256gb
A57 5G 8GB/256GB,https://www.thegioididong.com/dtdd/samsung-galaxy-a57-8gb-256gb
A37 8GB/256GB,https://www.thegioididong.com/dtdd/samsung-galaxy-a37-8gb-256gb
A37 5G 6GB/128GB,https://www.thegioididong.com/dtdd/samsung-galaxy-a37-6gb-128gb
A27 8GB/128GB,https://www.thegioididong.com/dtdd/samsung-galaxy-a27-8gb-128gb
A27 6GB/128GB,https://www.thegioididong.com/dtdd/samsung-galaxy-a27-6gb-128gb
A17 5G 8GB/256GB,https://www.thegioididong.com/dtdd/samsung-galaxy-a17-5g-8gb-256gb
A17 8GB/256GB,https://www.thegioididong.com/dtdd/samsung-galaxy-a17-8gb-256gb
A17 4GB/128GB,https://www.thegioididong.com/dtdd/samsung-galaxy-a17-4gb-128gb
A07 6GB/128GB,https://www.thegioididong.com/dtdd/samsung-galaxy-a07-6gb-128gb
A07 4GB/64GB,https://www.thegioididong.com/dtdd/samsung-galaxy-a07-4gb-64gb
A17 5G 8GB/128GB,https://www.thegioididong.com/dtdd/samsung-galaxy-a17-5g-8gb-128gb
A17 8GB/128GB,https://www.thegioididong.com/dtdd/samsung-galaxy-a17-8gb-128gb
A07 5G 4GB/128GB,https://www.thegioididong.com/dtdd/samsung-galaxy-a07-5g-4gb-128gb
A07 4GB/128GB,https://www.thegioididong.com/dtdd/samsung-galaxy-a07-4gb-128gb
A08 4GB/64GB,https://www.thegioididong.com/dtdd/samsung-galaxy-a08-4gb-64gb
A08 4GB/128GB,https://www.thegioididong.com/dtdd/samsung-galaxy-a08-4gb-128gb
A07s 4GB/64GB,https://www.thegioididong.com/dtdd/samsung-galaxy-a07s-4gb-64gb
Xiaomi 17 Ultra 5G 16GB/512GB,https://www.thegioididong.com/dtdd/xiaomi-17-ultra
Xiaomi 17 5G 12GB/256GB,https://www.thegioididong.com/dtdd/xiaomi-17
17T Pro 5G 12GB/256GB,https://www.thegioididong.com/dtdd/xiaomi-17t-pro-5g-12gb-256gb
17T 5G 12GB/512GB,https://www.thegioididong.com/dtdd/xiaomi-17t-5g-12gb-512gb
17T 5G 12GB/256GB,https://www.thegioididong.com/dtdd/xiaomi-17t-5g-12gb-256gb
Redmi Note 17 Pro 5G 12GB/256GB,https://www.thegioididong.com/dtdd/xiaomi-redmi-note-17-pro-5g-12gb-256gb
Redmi Note 17 Pro 5G 8GB/256GB,https://www.thegioididong.com/dtdd/xiaomi-redmi-note-17-pro-5g-8gb-256gb
Redmi Note 17 5G 8GB/256GB,https://www.thegioididong.com/dtdd/xiaomi-redmi-note-17-5g-8gb-256gb
Redmi Note 17 5G 6GB/256GB,https://www.thegioididong.com/dtdd/xiaomi-redmi-note-17-5g-6gb-256gb
Redmi Note 17 6GB/256GB,https://www.thegioididong.com/dtdd/xiaomi-redmi-note-17-4g-6gb-256gb
Redmi Note 17 6GB/128GB,https://www.thegioididong.com/dtdd/xiaomi-redmi-note-17-4g-6gb-128gb
Redmi 17 4G 6GB/256GB,https://www.thegioididong.com/dtdd/xiaomi-redmi-17-4g-6gb-256gb
Redmi Note 15 8GB/256GB,https://www.thegioididong.com/dtdd/xiaomi-redmi-note-15-8gb-256gb
Redmi 17 4G 4GB/256GB,https://www.thegioididong.com/dtdd/xiaomi-redmi-17-4g-4gb-256gb
Redmi 17 5G 4GB/128GB,https://www.thegioididong.com/dtdd/xiaomi-redmi-17-5g-4gb-128gb
Redmi 17 4G 4GB/128GB,https://www.thegioididong.com/dtdd/xiaomi-redmi-17-4g-4gb-128gb
Redmi 15 5G 4GB/128GB,https://www.thegioididong.com/dtdd/xiaomi-redmi-15-5g-4gb-128gb
Redmi 15C 6GB/128GB,https://www.thegioididong.com/dtdd/xiaomi-redmi-15c-6gb-128gb
Redmi 15 6GB/128GB,https://www.thegioididong.com/dtdd/xiaomi-redmi-15-6gb-128gb
Redmi A7 Pro 4GB/128GB,https://www.thegioididong.com/dtdd/xiaomi-redmi-a7-pro-4gb-128gb
Redmi A7 Pro 4GB/64GB,https://www.thegioididong.com/dtdd/xiaomi-redmi-a7-pro
X300 Ultra 16GB/512GB,https://www.thegioididong.com/dtdd/vivo-x300-ultra
V70 5G 8GB/256GB,https://www.thegioididong.com/dtdd/vivo-v70-8gb-256gb
V70 FE 5G 8GB/256GB,https://www.thegioididong.com/dtdd/vivo-v70-fe-8gb-256gb
V60 Lite 5G 8GB/256GB,https://www.thegioididong.com/dtdd/vivo-v60-lite-8gb-256gb
Y31d 8GB/128GB,https://www.thegioididong.com/dtdd/vivo-y31d-8gb-128gb
Y31d 6GB/128GB,https://www.thegioididong.com/dtdd/vivo-y31d-6gb-128gb
Y39 5G 8GB/128GB,https://www.thegioididong.com/dtdd/vivo-y39-5g
Y11d 6GB/128GB,https://www.thegioididong.com/dtdd/vivo-y11d-6gb-128gb
Y11d 4GB/128GB,https://www.thegioididong.com/dtdd/vivo-y11d-4gb-128gb
Y05 4GB/128GB,https://www.thegioididong.com/dtdd/vivo-y05-4gb-128gb
Y05 4GB/64GB,https://www.thegioididong.com/dtdd/vivo-y05-4gb-64gb
16 Pro 5G 12GB/256GB,https://www.thegioididong.com/dtdd/realme-16-pro-5g-12gb-256gb
16 5G 12GB/256GB,https://www.thegioididong.com/dtdd/realme-16-5g-12gb-256gb
16 5G 8GB/256GB,https://www.thegioididong.com/dtdd/realme-16-5g-8gb-256gb
16T 5G 8GB/256GB,https://www.thegioididong.com/dtdd/realme-16t-5g-8gb-256gb
16T 5G 8GB/128GB,https://www.thegioididong.com/dtdd/realme-16t-5g-8gb-128gb
C100 8GB/256GB,https://www.thegioididong.com/dtdd/realme-c100-4g-8gb-256gb
C85 5G 8GB/256GB,https://www.thegioididong.com/dtdd/realme-c85-5g-8gb-256gb
C100 4G 8GB/128GB,https://www.thegioididong.com/dtdd/realme-c100-4g-8gb-128gb
C100 4G 6GB/128GB,https://www.thegioididong.com/dtdd/realme-c100-4g-6gb-128gb
C85 Pro 8GB/256GB,https://www.thegioididong.com/dtdd/realme-c85-pro-8gb-256gb
C85 8GB/128GB,https://www.thegioididong.com/dtdd/realme-c85-8gb-128gb
C100i 4G 4GB/128GB,https://www.thegioididong.com/dtdd/realme-c100i-4gb-128gb
C100i 4GB/64GB,https://www.thegioididong.com/dtdd/realme-c100i-4gb-64gb
